Aaron Fraser,
Adrian J. Cox,
Akiva Leffert,
Alan Howe,
Alvin Harrison,
Ami Horowitz,
Amy Klobuchar,
Andre Phillip Green,
Andrew Yang,
Anita Belle,
Anthony DeWayne Hill,
Anthony James Allred,
Anthony M. Piazza,
Arnold Matthew Jones,
Ben Gleiberman,
Benjamin Peter Kozlowski,
Bernard Korn,
Bernie Sanders,
Beto O'Rourke	,
Bill de Blasio	,
Bill Haas	,
Blaine Russell Lechko	,
Brandon W. Acker	,
Brian Newnan	,
Burak Agun	,
Caleb Ganzer	,
Caleb Gaul	,
Carrie Bittay-D'intino	,
Carroll Montague Price Jr.	,
Catherine Anne Forsman	,
Caylend Anthony Edward Childs	,
Cecilia Okugo	,
Charles Landon Hodges	,
Charleta McInnis	,
Christian Alexander Arzu	,
Christina Gerasimos Billings-Elias	,
Christopher Calderon	,
Christopher Lee Langston	,
Christopher Paul Rella	,
Christopher Randall Dolin	,
Clara Miller	,
Claude Reed	,
Cline Russell	,
Cohen Eden Solutionator	,
Contessa Courtney Anderson	,
Cory Booker	,
Dakoda Foxx	,
Damien Garrett Chiodo	,
Daniel Baker	,
Daniel Blain	,
Daniel M. Holloway	,
Daniel Segal	,
Daphne Denise Bradford	,
Darryl P. Hendricks	,
David John Thistle	,
De'Sean Raynard Hawthorne	,
De'Sean Sunlight M. Hawthorne	,
DeJawon Joseph	,
Dennis A. Diaz	,
Dennis Jeffrey Nusbaum	,
Deon Jenkins	,
Donald Eugene Lowe	,
Donna Jean Alston	,
Doris Brown	,
Doug Shreffler	,
Douglas Walter Sabbag	,
Dustin Ryan Shewbert Sr.	,
Dwayne Varnado	,
Edie Bukewihge	,
Elizabeth Black	,
Elizabeth Warren	,
Emily Rosas	,
Eric Swalwell	,
Erik Leckner	,
Erlyndon Joseph "Joey" Lo	,
Esther Caroline Aebi	,
Evan Bernard Boroch	,
Evan Eggerud-Bozorth	,
Frank Walter Dworak	,
Franz Aliquo	,
Fred Wiand	,
Frederic Schultz	,
Frederick Nettleton	,
Gary C. Turner	,
Gary James Schwigen	,
George Clinton Brown	,
George Wayne Dietrich II	,
Gerasimos Manolatod	,
Gidget Groendyk	,
Glenn Scott Allistair Simpson	,
Grant Ethridge Ohanian	,
Grapelton Monroe Feret	,
Gregory Francis Votruba	,
Gregory Mikolay	,
Harry Tyrone Mapp	,
Harry William Braun III	,
Hart P. Cunningham	,
Henry Hewes	,
Herbert Ezekiel Zeke Smyth	,
Hernan Melgarejo	,
Hosanna Jesse O. Gray	,
Jack Angus Nevin	,
Jackie Irene Bower	,
Jaden Thomas Farris	,
James Bell	,
James Cartrell Fox	,
James Jr. Athans	,
James Ma	,
James McGuffin	,
James Meroney	,
James Rives	,
Janelle Marie Nowell	,
Jared Kyle Wolny	,
Jason Churilla	,
Jason E. Dunlap	,
Jason Murray	,
Jay Inslee	,
Jay Joseph	,
Jefery Levy	,
Jeffrey Ralph Zorn	,
Jennifer McMurray	,
Jennifer Vogel-Walcutt	,
Jimmy Delgado	,
Joe Biden	,
Joe Kenneth Holt Jr.	,
Joe Sestak	,
John Blyth	,
John Christipher Mason Do	,
John Dacey	,
John Delaney	,
John Hickenlooper	,
John J. Gilbert	,
John O'Keefe	,
John Patrick Martini	,
John Robert O'Donnell	,
John Washington III	,
Jonathan Marc	,
Joncarlo Ciccone	,
Jorran Lee Beebe	,
Jose Arnold Villagrana	,
Jose Font	,
Joseph Garvey	,
Joshua Alexander Hoy	,
Joshua James Reed	,
Joshua Matthew Becker	,
Joshua Reese Kronberg	,
Juan Buenrostro Ortiz	,
Juli√°n Castro	,
Kamala D. Harris	,
Keith Leonard	,
Keith Smith	,
Kelly McLain	,
Kenneth E. Nwadike Jr.	,
Kevin Collins	,
Kevin Commander Cormier	,
Kevin Prestia	,
Keyshawn Dwanye Varnado	,
Kirsten Gillibrand	,
Kurt Sackerman	,
Kurtis Wilson	,
Labarron Perkins	,
Larry W. Cole	,
Larry Walker	,
Lee Rhodes	,
Levoid Dexter Perry II	,
Lisha Shaju	,
Luis Alberto Ramos Jr.	,
Luke Summers	,
M. Latroy Alexandria-Williams	,
Maayan Z. Zik	,
Malcolm Oliver	,
Mari Tamburo	,
Maria Harper Davis	,
Marianne Williamson	,
Mark Allan Pierce	,
Mark Allen Weber	,
Mark London Dunham II	,
Marquis Antwan Garner	,
Martina Armstead	,
Matthew Thomas Beggarly	,
Maurice Robert "Mike" Gravel	,
Melvin Wayne Clark	,
Michael Aguiar	,
Michael Bennet	,
Michael E. Arth	,
Michael Ellinger	,
Michael Katz	,
Michael Landingham	,
Michael McKinley	,
Michael Noonan	,
Michael W. Scruggs	,
Michael Wayne Palmer	,
Michelle R. Hale Hudson	,
Mosheh "Luis" Edward Thezion	,
Nadia B. Smalley	,
Nadia Bahia Smalley	,
Najah Karima Gabriel	,
Nakia Lacquers Anthony	,
Nazzarae Collins	,
Nicholas Ryan Ocampo	,
Niles Ayer	,
Nita Mildred Rice	,
Noah Bunyan	,
Pamela Danelle Rocker	,
Patrick McCarthy	,
Paul Augustine Carluccio	,
Paul Kangas	,
Pete Buttigieg	,
Philip Henke	,
Princess Khadijah M. Pres Jacob-Fambro	,
Radomir Vojtech Luza	,
Randall Nalls	,
Ray Madrigal De Pancho Villa	,
Raymond J. Seney	,
Raynette Kennedy Weiss	,
Rhett Wilkinson Meier	,
Richard D. Cooper	,
Richard Lyons Weil	,
Richard Ojeda	,
Robert Bradford Lee Acord	,
Robert Carr Wells Jr.	,
Robert Ion Moldafsky	,
Robert Jordan	,
Robert L. Jackson	,
Robert Simon Shaw IV	,
Robert Tolbert	,
Robert William Sandera	,
Rodger Lee Roose	,
Roger Chaney Jr.	,
Ronald Bush	,
Ronald Satish Emrit	,
Rosalind Francina Greene	,
Rudy Edward Gomez	,
Ryan Andrew Farber	,
Ryan Hunter Yollin	,
Ryan Nicholas Von Bevern	,
Ryan Stephen Ehrenreich	,
Samuel Cassiba	,
Sanderson Beck	,
Sandra Moyer	,
Saul Williams III	,
Seth Moulton	,
Shannon Hazzard	,
Sharmin Lynn Smith	,
Shawn Rundblade	,
Sheila "Samm" Tittle	,
Sherry Mallory	,
Simon Edmonds	,
Stefan Karl Stefansson	,
Stephanie Simon St. Louis	,
Stephen Michael Patterson	,
Stetson Hardwick	,
Steve Bullock	,
Steven Gabriel Weikert	,
Stuart Lee Kiehl	,
Susan Resch	,
Susanne Atanus	,
Talalupe Fonzie Vavao	,
Taylor Jacques A'latorre	,
Terence Roger James	,
Theodore Millard Crisell	,
Thomas Francis Winterbottom	,
Thomas Joseph Boyle	,
Tim Ryan	,
Tirell Alexander Maxwell Clifton	,
Tom Steyer	,
Tulsi Gabbard	,
Tyler Barna	,
Tyrell J. Heaton	,
Tyrone Moody Jr.	,
Valerie Lin McCray	,
Vector Path Hasting	,
Warren Lee	,
Wayne Messam	,
Wayne Pope	,
Wednesday Alexandra Green	,
William Hope	,
William Laird Owen